<TaskOptions>
  <TaskOptions>
    <option name="arguments" value="--no-cache --update $FileName$:../../public/css/$FileNameWithoutExtension$.css" />
    <option name="checkSyntaxErrors" value="true" />
    <option name="description" />
    <option name="exitCodeBehavior" value="ERROR" />
    <option name="fileExtension" value="scss" />
    <option name="immediateSync" value="true" />
    <option name="name" value="SCSS" />
    <option name="output" value="../../public/css/$FileNameWithoutExtension$.css:../../public/css/$FileNameWithoutExtension$.css.map" />
    <option name="outputFilters">
      <array />
    </option>
    <option name="outputFromStdout" value="false" />
    <option name="program" value="scss" />
    <option name="runOnExternalChanges" value="true" />
    <option name="scopeName" value="Project Files" />
    <option name="trackOnlyRoot" value="true" />
    <option name="workingDir" value="$FileDir$" />
    <envs />
  </TaskOptions>
</TaskOptions>